#timestamp[ns],filename
1747898805774834432,1747898805774834432.png
1747898806968658176,1747898806968658176.png
1747898808160124928,1747898808160124928.png
1747898809334809088,1747898809334809088.png
1747898810499703296,1747898810499703296.png
1747898811674850560,1747898811674850560.png
1747898812869303552,1747898812869303552.png
1747898814047428608,1747898814047428608.png
1747898815223958528,1747898815223958528.png
1747898816460407552,1747898816460407552.png
1747898817682290432,1747898817682290432.png
